<?xml version="1.0" encoding="UTF-8"?>
<layout>
    <VSNode splits="0.5 0.5">
        <CNode>
            <Component label="Class hierarchy">
                <Property id="pluginId" value="org.protege.editor.owl.OWLAssertedClassHierarchy"/>
            </Component>
        </CNode>
        <CNode>
            <Component label="Example view component">
                <Property id="pluginId" value="protege.plugin.examples.ExampleViewComponent"/>
            </Component>
        </CNode>
    </VSNode>
</layout>
